bio,label
Just a small-town guy who enjoys reading books and music.,real
Love playing football and hanging out with friends.,real
Just a small-town guy who enjoys reading books and music.,real
My mission is to empower individuals with cutting-edge AI tools.,ai
"Dedicated to innovation, technology, and pushing the boundaries.",ai
Love playing football and hanging out with friends.,real
Love playing football and hanging out with friends.,real
"Dedicated to innovation, technology, and pushing the boundaries.",ai
Dog lover ğŸ¶ | Fitness junkie ğŸ’ª | Exploring new cultures ğŸŒ,real
I am passionate about leveraging AI to revolutionize industries.,ai
Exploring new horizons in machine learning and deep learning.,ai
I am passionate about leveraging AI to revolutionize industries.,ai
"Second year CS student, coffee addict, and coding enthusiast.",real
I am passionate about leveraging AI to revolutionize industries.,ai
I am passionate about leveraging AI to revolutionize industries.,ai
"Dedicated to innovation, technology, and pushing the boundaries.",ai
I am passionate about leveraging AI to revolutionize industries.,ai
Love playing football and hanging out with friends.,real
My mission is to empower individuals with cutting-edge AI tools.,ai
"Dedicated to innovation, technology, and pushing the boundaries.",ai
"Dedicated to innovation, technology, and pushing the boundaries.",ai
"Traveler, foodie, and aspiring writer sharing life experiences.",real
"Second year CS student, coffee addict, and coding enthusiast.",real
Just a small-town guy who enjoys reading books and music.,real
I am passionate about leveraging AI to revolutionize industries.,ai
Exploring new horizons in machine learning and deep learning.,ai
"As an AI language model, I love to assist with diverse topics.",ai
"Second year CS student, coffee addict, and coding enthusiast.",real
Love playing football and hanging out with friends.,real
"Second year CS student, coffee addict, and coding enthusiast.",real
"As an AI language model, I love to assist with diverse topics.",ai
I am passionate about leveraging AI to revolutionize industries.,ai
Just a small-town guy who enjoys reading books and music.,real
"Second year CS student, coffee addict, and coding enthusiast.",real
"Second year CS student, coffee addict, and coding enthusiast.",real
My mission is to empower individuals with cutting-edge AI tools.,ai
"Traveler, foodie, and aspiring writer sharing life experiences.",real
Exploring new horizons in machine learning and deep learning.,ai
Love playing football and hanging out with friends.,real
Exploring new horizons in machine learning and deep learning.,ai
Just a small-town guy who enjoys reading books and music.,real
Exploring new horizons in machine learning and deep learning.,ai
Exploring new horizons in machine learning and deep learning.,ai
Dog lover ğŸ¶ | Fitness junkie ğŸ’ª | Exploring new cultures ğŸŒ,real
I am passionate about leveraging AI to revolutionize industries.,ai
"As an AI language model, I love to assist with diverse topics.",ai
I am passionate about leveraging AI to revolutionize industries.,ai
Love playing football and hanging out with friends.,real
"Traveler, foodie, and aspiring writer sharing life experiences.",real
"Second year CS student, coffee addict, and coding enthusiast.",real
"Dedicated to innovation, technology, and pushing the boundaries.",ai
Just a small-town guy who enjoys reading books and music.,real
Dog lover ğŸ¶ | Fitness junkie ğŸ’ª | Exploring new cultures ğŸŒ,real
"As an AI language model, I love to assist with diverse topics.",ai
"As an AI language model, I love to assist with diverse topics.",ai
"As an AI language model, I love to assist with diverse topics.",ai
Just a small-town guy who enjoys reading books and music.,real
"As an AI language model, I love to assist with diverse topics.",ai
"As an AI language model, I love to assist with diverse topics.",ai
Just a small-town guy who enjoys reading books and music.,real
I am passionate about leveraging AI to revolutionize industries.,ai
"Traveler, foodie, and aspiring writer sharing life experiences.",real
Just a small-town guy who enjoys reading books and music.,real
Just a small-town guy who enjoys reading books and music.,real
My mission is to empower individuals with cutting-edge AI tools.,ai
My mission is to empower individuals with cutting-edge AI tools.,ai
My mission is to empower individuals with cutting-edge AI tools.,ai
Just a small-town guy who enjoys reading books and music.,real
Exploring new horizons in machine learning and deep learning.,ai
"Dedicated to innovation, technology, and pushing the boundaries.",ai
I am passionate about leveraging AI to revolutionize industries.,ai
"As an AI language model, I love to assist with diverse topics.",ai
Dog lover ğŸ¶ | Fitness junkie ğŸ’ª | Exploring new cultures ğŸŒ,real
Dog lover ğŸ¶ | Fitness junkie ğŸ’ª | Exploring new cultures ğŸŒ,real
My mission is to empower individuals with cutting-edge AI tools.,ai
Exploring new horizons in machine learning and deep learning.,ai
Dog lover ğŸ¶ | Fitness junkie ğŸ’ª | Exploring new cultures ğŸŒ,real
Exploring new horizons in machine learning and deep learning.,ai
"Dedicated to innovation, technology, and pushing the boundaries.",ai
Just a small-town guy who enjoys reading books and music.,real
My mission is to empower individuals with cutting-edge AI tools.,ai
"Second year CS student, coffee addict, and coding enthusiast.",real
Dog lover ğŸ¶ | Fitness junkie ğŸ’ª | Exploring new cultures ğŸŒ,real
"As an AI language model, I love to assist with diverse topics.",ai
"Traveler, foodie, and aspiring writer sharing life experiences.",real
"As an AI language model, I love to assist with diverse topics.",ai
My mission is to empower individuals with cutting-edge AI tools.,ai
"Dedicated to innovation, technology, and pushing the boundaries.",ai
My mission is to empower individuals with cutting-edge AI tools.,ai
"Traveler, foodie, and aspiring writer sharing life experiences.",real
"Traveler, foodie, and aspiring writer sharing life experiences.",real
Dog lover ğŸ¶ | Fitness junkie ğŸ’ª | Exploring new cultures ğŸŒ,real
"Traveler, foodie, and aspiring writer sharing life experiences.",real
"As an AI language model, I love to assist with diverse topics.",ai
I am passionate about leveraging AI to revolutionize industries.,ai
I am passionate about leveraging AI to revolutionize industries.,ai
I am passionate about leveraging AI to revolutionize industries.,ai
"Dedicated to innovation, technology, and pushing the boundaries.",ai
Just a small-town guy who enjoys reading books and music.,real
My mission is to empower individuals with cutting-edge AI tools.,ai
Just a small-town guy who enjoys reading books and music.,real
Love playing football and hanging out with friends.,real
I am passionate about leveraging AI to revolutionize industries.,ai
"Dedicated to innovation, technology, and pushing the boundaries.",ai
"Second year CS student, coffee addict, and coding enthusiast.",real
My mission is to empower individuals with cutting-edge AI tools.,ai
Exploring new horizons in machine learning and deep learning.,ai
Just a small-town guy who enjoys reading books and music.,real
"Second year CS student, coffee addict, and coding enthusiast.",real
Just a small-town guy who enjoys reading books and music.,real
My mission is to empower individuals with cutting-edge AI tools.,ai
Exploring new horizons in machine learning and deep learning.,ai
My mission is to empower individuals with cutting-edge AI tools.,ai
"Dedicated to innovation, technology, and pushing the boundaries.",ai
"Traveler, foodie, and aspiring writer sharing life experiences.",real
Exploring new horizons in machine learning and deep learning.,ai
"Traveler, foodie, and aspiring writer sharing life experiences.",real
Exploring new horizons in machine learning and deep learning.,ai
"Dedicated to innovation, technology, and pushing the boundaries.",ai
"Traveler, foodie, and aspiring writer sharing life experiences.",real
My mission is to empower individuals with cutting-edge AI tools.,ai
Exploring new horizons in machine learning and deep learning.,ai
My mission is to empower individuals with cutting-edge AI tools.,ai
My mission is to empower individuals with cutting-edge AI tools.,ai
"Second year CS student, coffee addict, and coding enthusiast.",real
"Traveler, foodie, and aspiring writer sharing life experiences.",real
"Traveler, foodie, and aspiring writer sharing life experiences.",real
Exploring new horizons in machine learning and deep learning.,ai
Exploring new horizons in machine learning and deep learning.,ai
Dog lover ğŸ¶ | Fitness junkie ğŸ’ª | Exploring new cultures ğŸŒ,real
Exploring new horizons in machine learning and deep learning.,ai
I am passionate about leveraging AI to revolutionize industries.,ai
Love playing football and hanging out with friends.,real
"Second year CS student, coffee addict, and coding enthusiast.",real
"Dedicated to innovation, technology, and pushing the boundaries.",ai
"As an AI language model, I love to assist with diverse topics.",ai
Just a small-town guy who enjoys reading books and music.,real
"Traveler, foodie, and aspiring writer sharing life experiences.",real
"As an AI language model, I love to assist with diverse topics.",ai
"Traveler, foodie, and aspiring writer sharing life experiences.",real
"Second year CS student, coffee addict, and coding enthusiast.",real
Dog lover ğŸ¶ | Fitness junkie ğŸ’ª | Exploring new cultures ğŸŒ,real
Exploring new horizons in machine learning and deep learning.,ai
"Traveler, foodie, and aspiring writer sharing life experiences.",real
Dog lover ğŸ¶ | Fitness junkie ğŸ’ª | Exploring new cultures ğŸŒ,real
My mission is to empower individuals with cutting-edge AI tools.,ai
"Dedicated to innovation, technology, and pushing the boundaries.",ai
"Dedicated to innovation, technology, and pushing the boundaries.",ai
"Traveler, foodie, and aspiring writer sharing life experiences.",real
Love playing football and hanging out with friends.,real
"Second year CS student, coffee addict, and coding enthusiast.",real
My mission is to empower individuals with cutting-edge AI tools.,ai
My mission is to empower individuals with cutting-edge AI tools.,ai
"Dedicated to innovation, technology, and pushing the boundaries.",ai
Just a small-town guy who enjoys reading books and music.,real
Dog lover ğŸ¶ | Fitness junkie ğŸ’ª | Exploring new cultures ğŸŒ,real
My mission is to empower individuals with cutting-edge AI tools.,ai
Just a small-town guy who enjoys reading books and music.,real
Love playing football and hanging out with friends.,real
I am passionate about leveraging AI to revolutionize industries.,ai
Exploring new horizons in machine learning and deep learning.,ai
"Traveler, foodie, and aspiring writer sharing life experiences.",real
Just a small-town guy who enjoys reading books and music.,real
Exploring new horizons in machine learning and deep learning.,ai
I am passionate about leveraging AI to revolutionize industries.,ai
Just a small-town guy who enjoys reading books and music.,real
"Second year CS student, coffee addict, and coding enthusiast.",real
"Traveler, foodie, and aspiring writer sharing life experiences.",real
"Dedicated to innovation, technology, and pushing the boundaries.",ai
Exploring new horizons in machine learning and deep learning.,ai
Just a small-town guy who enjoys reading books and music.,real
"As an AI language model, I love to assist with diverse topics.",ai
"Second year CS student, coffee addict, and coding enthusiast.",real
"Traveler, foodie, and aspiring writer sharing life experiences.",real
"Dedicated to innovation, technology, and pushing the boundaries.",ai
"Dedicated to innovation, technology, and pushing the boundaries.",ai
"As an AI language model, I love to assist with diverse topics.",ai
Exploring new horizons in machine learning and deep learning.,ai
I am passionate about leveraging AI to revolutionize industries.,ai
"Dedicated to innovation, technology, and pushing the boundaries.",ai
My mission is to empower individuals with cutting-edge AI tools.,ai
"As an AI language model, I love to assist with diverse topics.",ai
I am passionate about leveraging AI to revolutionize industries.,ai
Dog lover ğŸ¶ | Fitness junkie ğŸ’ª | Exploring new cultures ğŸŒ,real
Exploring new horizons in machine learning and deep learning.,ai
Love playing football and hanging out with friends.,real
My mission is to empower individuals with cutting-edge AI tools.,ai
"Second year CS student, coffee addict, and coding enthusiast.",real
"Traveler, foodie, and aspiring writer sharing life experiences.",real
Love playing football and hanging out with friends.,real
Just a small-town guy who enjoys reading books and music.,real
Love playing football and hanging out with friends.,real
"Traveler, foodie, and aspiring writer sharing life experiences.",real
Dog lover ğŸ¶ | Fitness junkie ğŸ’ª | Exploring new cultures ğŸŒ,real
Just a small-town guy who enjoys reading books and music.,real
"As an AI language model, I love to assist with diverse topics.",ai
Exploring new horizons in machine learning and deep learning.,ai
Love playing football and hanging out with friends.,real
My mission is to empower individuals with cutting-edge AI tools.,ai
"As an AI language model, I love to assist with diverse topics.",ai
Dog lover ğŸ¶ | Fitness junkie ğŸ’ª | Exploring new cultures ğŸŒ,real
My mission is to empower individuals with cutting-edge AI tools.,ai
Love playing football and hanging out with friends.,real
I am passionate about leveraging AI to revolutionize industries.,ai
Exploring new horizons in machine learning and deep learning.,ai
I am passionate about leveraging AI to revolutionize industries.,ai
My mission is to empower individuals with cutting-edge AI tools.,ai
"As an AI language model, I love to assist with diverse topics.",ai
"As an AI language model, I love to assist with diverse topics.",ai
"Traveler, foodie, and aspiring writer sharing life experiences.",real
"Dedicated to innovation, technology, and pushing the boundaries.",ai
Exploring new horizons in machine learning and deep learning.,ai
My mission is to empower individuals with cutting-edge AI tools.,ai
Exploring new horizons in machine learning and deep learning.,ai
My mission is to empower individuals with cutting-edge AI tools.,ai
"As an AI language model, I love to assist with diverse topics.",ai
"Second year CS student, coffee addict, and coding enthusiast.",real
Just a small-town guy who enjoys reading books and music.,real
My mission is to empower individuals with cutting-edge AI tools.,ai
Love playing football and hanging out with friends.,real
I am passionate about leveraging AI to revolutionize industries.,ai
Exploring new horizons in machine learning and deep learning.,ai
My mission is to empower individuals with cutting-edge AI tools.,ai
Love playing football and hanging out with friends.,real
Dog lover ğŸ¶ | Fitness junkie ğŸ’ª | Exploring new cultures ğŸŒ,real
"Traveler, foodie, and aspiring writer sharing life experiences.",real
"Second year CS student, coffee addict, and coding enthusiast.",real
"Traveler, foodie, and aspiring writer sharing life experiences.",real
Dog lover ğŸ¶ | Fitness junkie ğŸ’ª | Exploring new cultures ğŸŒ,real
My mission is to empower individuals with cutting-edge AI tools.,ai
"As an AI language model, I love to assist with diverse topics.",ai
Dog lover ğŸ¶ | Fitness junkie ğŸ’ª | Exploring new cultures ğŸŒ,real
"Dedicated to innovation, technology, and pushing the boundaries.",ai
My mission is to empower individuals with cutting-edge AI tools.,ai
Love playing football and hanging out with friends.,real
Love playing football and hanging out with friends.,real
"Traveler, foodie, and aspiring writer sharing life experiences.",real
"Traveler, foodie, and aspiring writer sharing life experiences.",real
My mission is to empower individuals with cutting-edge AI tools.,ai
Love playing football and hanging out with friends.,real
"Dedicated to innovation, technology, and pushing the boundaries.",ai
I am passionate about leveraging AI to revolutionize industries.,ai
"Dedicated to innovation, technology, and pushing the boundaries.",ai
"Second year CS student, coffee addict, and coding enthusiast.",real
"Dedicated to innovation, technology, and pushing the boundaries.",ai
"Traveler, foodie, and aspiring writer sharing life experiences.",real
Exploring new horizons in machine learning and deep learning.,ai
"Dedicated to innovation, technology, and pushing the boundaries.",ai
Dog lover ğŸ¶ | Fitness junkie ğŸ’ª | Exploring new cultures ğŸŒ,real
Just a small-town guy who enjoys reading books and music.,real
Just a small-town guy who enjoys reading books and music.,real
Dog lover ğŸ¶ | Fitness junkie ğŸ’ª | Exploring new cultures ğŸŒ,real
"Dedicated to innovation, technology, and pushing the boundaries.",ai
"As an AI language model, I love to assist with diverse topics.",ai
"As an AI language model, I love to assist with diverse topics.",ai
Just a small-town guy who enjoys reading books and music.,real
My mission is to empower individuals with cutting-edge AI tools.,ai
Just a small-town guy who enjoys reading books and music.,real
Just a small-town guy who enjoys reading books and music.,real
Exploring new horizons in machine learning and deep learning.,ai
Just a small-town guy who enjoys reading books and music.,real
"As an AI language model, I love to assist with diverse topics.",ai
"Second year CS student, coffee addict, and coding enthusiast.",real
I am passionate about leveraging AI to revolutionize industries.,ai
I am passionate about leveraging AI to revolutionize industries.,ai
Dog lover ğŸ¶ | Fitness junkie ğŸ’ª | Exploring new cultures ğŸŒ,real
Dog lover ğŸ¶ | Fitness junkie ğŸ’ª | Exploring new cultures ğŸŒ,real
I am passionate about leveraging AI to revolutionize industries.,ai
Dog lover ğŸ¶ | Fitness junkie ğŸ’ª | Exploring new cultures ğŸŒ,real
My mission is to empower individuals with cutting-edge AI tools.,ai
Dog lover ğŸ¶ | Fitness junkie ğŸ’ª | Exploring new cultures ğŸŒ,real
Exploring new horizons in machine learning and deep learning.,ai
"Dedicated to innovation, technology, and pushing the boundaries.",ai
"Second year CS student, coffee addict, and coding enthusiast.",real
"As an AI language model, I love to assist with diverse topics.",ai
My mission is to empower individuals with cutting-edge AI tools.,ai
My mission is to empower individuals with cutting-edge AI tools.,ai
Dog lover ğŸ¶ | Fitness junkie ğŸ’ª | Exploring new cultures ğŸŒ,real
Just a small-town guy who enjoys reading books and music.,real
My mission is to empower individuals with cutting-edge AI tools.,ai
"As an AI language model, I love to assist with diverse topics.",ai
Dog lover ğŸ¶ | Fitness junkie ğŸ’ª | Exploring new cultures ğŸŒ,real
Just a small-town guy who enjoys reading books and music.,real
Exploring new horizons in machine learning and deep learning.,ai
I am passionate about leveraging AI to revolutionize industries.,ai
"Second year CS student, coffee addict, and coding enthusiast.",real
I am passionate about leveraging AI to revolutionize industries.,ai
Love playing football and hanging out with friends.,real
Love playing football and hanging out with friends.,real
Just a small-town guy who enjoys reading books and music.,real
Exploring new horizons in machine learning and deep learning.,ai
Exploring new horizons in machine learning and deep learning.,ai
"Second year CS student, coffee addict, and coding enthusiast.",real
Just a small-town guy who enjoys reading books and music.,real
I am passionate about leveraging AI to revolutionize industries.,ai
Just a small-town guy who enjoys reading books and music.,real
I am passionate about leveraging AI to revolutionize industries.,ai
Exploring new horizons in machine learning and deep learning.,ai
Just a small-town guy who enjoys reading books and music.,real
"Dedicated to innovation, technology, and pushing the boundaries.",ai
"Second year CS student, coffee addict, and coding enthusiast.",real
Just a small-town guy who enjoys reading books and music.,real
"Second year CS student, coffee addict, and coding enthusiast.",real
Exploring new horizons in machine learning and deep learning.,ai
Exploring new horizons in machine learning and deep learning.,ai
Dog lover ğŸ¶ | Fitness junkie ğŸ’ª | Exploring new cultures ğŸŒ,real
"Second year CS student, coffee addict, and coding enthusiast.",real
Exploring new horizons in machine learning and deep learning.,ai
"Traveler, foodie, and aspiring writer sharing life experiences.",real
"Second year CS student, coffee addict, and coding enthusiast.",real
I am passionate about leveraging AI to revolutionize industries.,ai
Love playing football and hanging out with friends.,real
"Traveler, foodie, and aspiring writer sharing life experiences.",real
Exploring new horizons in machine learning and deep learning.,ai
"Second year CS student, coffee addict, and coding enthusiast.",real
Love playing football and hanging out with friends.,real
Just a small-town guy who enjoys reading books and music.,real
"Traveler, foodie, and aspiring writer sharing life experiences.",real
Love playing football and hanging out with friends.,real
"Dedicated to innovation, technology, and pushing the boundaries.",ai
Exploring new horizons in machine learning and deep learning.,ai
My mission is to empower individuals with cutting-edge AI tools.,ai
"Dedicated to innovation, technology, and pushing the boundaries.",ai
"As an AI language model, I love to assist with diverse topics.",ai
"As an AI language model, I love to assist with diverse topics.",ai
My mission is to empower individuals with cutting-edge AI tools.,ai
"As an AI language model, I love to assist with diverse topics.",ai
I am passionate about leveraging AI to revolutionize industries.,ai
"As an AI language model, I love to assist with diverse topics.",ai
"As an AI language model, I love to assist with diverse topics.",ai
"Second year CS student, coffee addict, and coding enthusiast.",real
Just a small-town guy who enjoys reading books and music.,real
Just a small-town guy who enjoys reading books and music.,real
My mission is to empower individuals with cutting-edge AI tools.,ai
Exploring new horizons in machine learning and deep learning.,ai
Dog lover ğŸ¶ | Fitness junkie ğŸ’ª | Exploring new cultures ğŸŒ,real
"Second year CS student, coffee addict, and coding enthusiast.",real
I am passionate about leveraging AI to revolutionize industries.,ai
Exploring new horizons in machine learning and deep learning.,ai
Dog lover ğŸ¶ | Fitness junkie ğŸ’ª | Exploring new cultures ğŸŒ,real
"Dedicated to innovation, technology, and pushing the boundaries.",ai
My mission is to empower individuals with cutting-edge AI tools.,ai
Exploring new horizons in machine learning and deep learning.,ai
My mission is to empower individuals with cutting-edge AI tools.,ai
Love playing football and hanging out with friends.,real
Love playing football and hanging out with friends.,real
"As an AI language model, I love to assist with diverse topics.",ai
"As an AI language model, I love to assist with diverse topics.",ai
Dog lover ğŸ¶ | Fitness junkie ğŸ’ª | Exploring new cultures ğŸŒ,real
Exploring new horizons in machine learning and deep learning.,ai
"Dedicated to innovation, technology, and pushing the boundaries.",ai
"Second year CS student, coffee addict, and coding enthusiast.",real
Just a small-town guy who enjoys reading books and music.,real
Just a small-town guy who enjoys reading books and music.,real
Exploring new horizons in machine learning and deep learning.,ai
Love playing football and hanging out with friends.,real
My mission is to empower individuals with cutting-edge AI tools.,ai
"Second year CS student, coffee addict, and coding enthusiast.",real
My mission is to empower individuals with cutting-edge AI tools.,ai
Exploring new horizons in machine learning and deep learning.,ai
I am passionate about leveraging AI to revolutionize industries.,ai
Exploring new horizons in machine learning and deep learning.,ai
Dog lover ğŸ¶ | Fitness junkie ğŸ’ª | Exploring new cultures ğŸŒ,real
"Second year CS student, coffee addict, and coding enthusiast.",real
Just a small-town guy who enjoys reading books and music.,real
I am passionate about leveraging AI to revolutionize industries.,ai
"Dedicated to innovation, technology, and pushing the boundaries.",ai
Just a small-town guy who enjoys reading books and music.,real
Exploring new horizons in machine learning and deep learning.,ai
"Traveler, foodie, and aspiring writer sharing life experiences.",real
"Second year CS student, coffee addict, and coding enthusiast.",real
"Traveler, foodie, and aspiring writer sharing life experiences.",real
"Dedicated to innovation, technology, and pushing the boundaries.",ai
Love playing football and hanging out with friends.,real
"As an AI language model, I love to assist with diverse topics.",ai
"Traveler, foodie, and aspiring writer sharing life experiences.",real
Exploring new horizons in machine learning and deep learning.,ai
"Dedicated to innovation, technology, and pushing the boundaries.",ai
Just a small-town guy who enjoys reading books and music.,real
"As an AI language model, I love to assist with diverse topics.",ai
"Traveler, foodie, and aspiring writer sharing life experiences.",real
"Traveler, foodie, and aspiring writer sharing life experiences.",real
Just a small-town guy who enjoys reading books and music.,real
I am passionate about leveraging AI to revolutionize industries.,ai
"As an AI language model, I love to assist with diverse topics.",ai
My mission is to empower individuals with cutting-edge AI tools.,ai
Just a small-town guy who enjoys reading books and music.,real
"As an AI language model, I love to assist with diverse topics.",ai
My mission is to empower individuals with cutting-edge AI tools.,ai
"Dedicated to innovation, technology, and pushing the boundaries.",ai
Exploring new horizons in machine learning and deep learning.,ai
My mission is to empower individuals with cutting-edge AI tools.,ai
Dog lover ğŸ¶ | Fitness junkie ğŸ’ª | Exploring new cultures ğŸŒ,real
I am passionate about leveraging AI to revolutionize industries.,ai
I am passionate about leveraging AI to revolutionize industries.,ai
Love playing football and hanging out with friends.,real
Dog lover ğŸ¶ | Fitness junkie ğŸ’ª | Exploring new cultures ğŸŒ,real
"Second year CS student, coffee addict, and coding enthusiast.",real
"Traveler, foodie, and aspiring writer sharing life experiences.",real
"Dedicated to innovation, technology, and pushing the boundaries.",ai
I am passionate about leveraging AI to revolutionize industries.,ai
Exploring new horizons in machine learning and deep learning.,ai
Dog lover ğŸ¶ | Fitness junkie ğŸ’ª | Exploring new cultures ğŸŒ,real
My mission is to empower individuals with cutting-edge AI tools.,ai
"Traveler, foodie, and aspiring writer sharing life experiences.",real
Just a small-town guy who enjoys reading books and music.,real
Just a small-town guy who enjoys reading books and music.,real
My mission is to empower individuals with cutting-edge AI tools.,ai
"Dedicated to innovation, technology, and pushing the boundaries.",ai
Exploring new horizons in machine learning and deep learning.,ai
Just a small-town guy who enjoys reading books and music.,real
Love playing football and hanging out with friends.,real
Dog lover ğŸ¶ | Fitness junkie ğŸ’ª | Exploring new cultures ğŸŒ,real
Just a small-town guy who enjoys reading books and music.,real
My mission is to empower individuals with cutting-edge AI tools.,ai
I am passionate about leveraging AI to revolutionize industries.,ai
"Traveler, foodie, and aspiring writer sharing life experiences.",real
Dog lover ğŸ¶ | Fitness junkie ğŸ’ª | Exploring new cultures ğŸŒ,real
"Second year CS student, coffee addict, and coding enthusiast.",real
I am passionate about leveraging AI to revolutionize industries.,ai
Just a small-town guy who enjoys reading books and music.,real
Exploring new horizons in machine learning and deep learning.,ai
Dog lover ğŸ¶ | Fitness junkie ğŸ’ª | Exploring new cultures ğŸŒ,real
My mission is to empower individuals with cutting-edge AI tools.,ai
"As an AI language model, I love to assist with diverse topics.",ai
"As an AI language model, I love to assist with diverse topics.",ai
"Dedicated to innovation, technology, and pushing the boundaries.",ai
My mission is to empower individuals with cutting-edge AI tools.,ai
Dog lover ğŸ¶ | Fitness junkie ğŸ’ª | Exploring new cultures ğŸŒ,real
"As an AI language model, I love to assist with diverse topics.",ai
"As an AI language model, I love to assist with diverse topics.",ai
"As an AI language model, I love to assist with diverse topics.",ai
"Dedicated to innovation, technology, and pushing the boundaries.",ai
"As an AI language model, I love to assist with diverse topics.",ai
"Dedicated to innovation, technology, and pushing the boundaries.",ai
"Dedicated to innovation, technology, and pushing the boundaries.",ai
My mission is to empower individuals with cutting-edge AI tools.,ai
"Second year CS student, coffee addict, and coding enthusiast.",real
"As an AI language model, I love to assist with diverse topics.",ai
"Traveler, foodie, and aspiring writer sharing life experiences.",real
"Traveler, foodie, and aspiring writer sharing life experiences.",real
Love playing football and hanging out with friends.,real
Love playing football and hanging out with friends.,real
Exploring new horizons in machine learning and deep learning.,ai
"Dedicated to innovation, technology, and pushing the boundaries.",ai
Love playing football and hanging out with friends.,real
I am passionate about leveraging AI to revolutionize industries.,ai
Just a small-town guy who enjoys reading books and music.,real
I am passionate about leveraging AI to revolutionize industries.,ai
"Second year CS student, coffee addict, and coding enthusiast.",real
"Dedicated to innovation, technology, and pushing the boundaries.",ai
My mission is to empower individuals with cutting-edge AI tools.,ai
I am passionate about leveraging AI to revolutionize industries.,ai
I am passionate about leveraging AI to revolutionize industries.,ai
"Dedicated to innovation, technology, and pushing the boundaries.",ai
"Dedicated to innovation, technology, and pushing the boundaries.",ai
I am passionate about leveraging AI to revolutionize industries.,ai
My mission is to empower individuals with cutting-edge AI tools.,ai
"Dedicated to innovation, technology, and pushing the boundaries.",ai
Just a small-town guy who enjoys reading books and music.,real
My mission is to empower individuals with cutting-edge AI tools.,ai
Just a small-town guy who enjoys reading books and music.,real
"Traveler, foodie, and aspiring writer sharing life experiences.",real
Just a small-town guy who enjoys reading books and music.,real
"Traveler, foodie, and aspiring writer sharing life experiences.",real
"As an AI language model, I love to assist with diverse topics.",ai
Love playing football and hanging out with friends.,real
"Traveler, foodie, and aspiring writer sharing life experiences.",real
My mission is to empower individuals with cutting-edge AI tools.,ai
Just a small-town guy who enjoys reading books and music.,real
"Dedicated to innovation, technology, and pushing the boundaries.",ai
"Dedicated to innovation, technology, and pushing the boundaries.",ai
Love playing football and hanging out with friends.,real
Love playing football and hanging out with friends.,real
"Second year CS student, coffee addict, and coding enthusiast.",real
My mission is to empower individuals with cutting-edge AI tools.,ai
Love playing football and hanging out with friends.,real
"Second year CS student, coffee addict, and coding enthusiast.",real
My mission is to empower individuals with cutting-edge AI tools.,ai
Exploring new horizons in machine learning and deep learning.,ai
"Dedicated to innovation, technology, and pushing the boundaries.",ai
"Second year CS student, coffee addict, and coding enthusiast.",real
Exploring new horizons in machine learning and deep learning.,ai
"Second year CS student, coffee addict, and coding enthusiast.",real
My mission is to empower individuals with cutting-edge AI tools.,ai
My mission is to empower individuals with cutting-edge AI tools.,ai
"Traveler, foodie, and aspiring writer sharing life experiences.",real
Dog lover ğŸ¶ | Fitness junkie ğŸ’ª | Exploring new cultures ğŸŒ,real
"Second year CS student, coffee addict, and coding enthusiast.",real
Love playing football and hanging out with friends.,real
"Second year CS student, coffee addict, and coding enthusiast.",real
"Traveler, foodie, and aspiring writer sharing life experiences.",real
I am passionate about leveraging AI to revolutionize industries.,ai
Exploring new horizons in machine learning and deep learning.,ai
Exploring new horizons in machine learning and deep learning.,ai
"Dedicated to innovation, technology, and pushing the boundaries.",ai
Dog lover ğŸ¶ | Fitness junkie ğŸ’ª | Exploring new cultures ğŸŒ,real
Dog lover ğŸ¶ | Fitness junkie ğŸ’ª | Exploring new cultures ğŸŒ,real
Exploring new horizons in machine learning and deep learning.,ai
"Dedicated to innovation, technology, and pushing the boundaries.",ai
